losweedian_In_a_unique_fusion_of_tradition-09D27.png,1
KatsRoses_simple_minimalist_curved_lines_s-2EB6F.png,2
krbr011_Autonomous_Car_self_driving_with_m-56F6F.png,1
stelios_jesus_in_front_of_pilate_with_crow-20A0D.png,3
gnosis-asha_techy_jestr_lighthearted_gadge-357D4.png,3
guillermofarre_movie_poster_of_a_movie_abo-CFB69.png,1
KatsRoses_simple_minimalist_curved_lines_b-44D27.png,3
aboodee_fullbody_frame_of_blissful_looking-6ED65.png,2
Humbaba_abstract_minimalist_wallpaper_of_s-5F51E.png,2
Rhldn3_using_this_photo_keep_this_photo_ex-9EF3C.png,1
Bifrost_Golden_grey_white_4k_realistic_3d_-E9141.png,3
gtxgaming_a_new_amazing_website_for_a_bran-8A5B0.png,1
losweedian_Envision_a_striking_and_powerfu-FBCB3.png,2
